<?xml version="1.0" encoding="UTF-8"?>
<project-private xmlns="http://www.netbeans.org/ns/project-private/1">
    <editor-bookmarks xmlns="http://www.netbeans.org/ns/editor-bookmarks/2" lastBookmarkId="0"/>
    <open-files xmlns="http://www.netbeans.org/ns/projectui-open-files/2">
        <group>
            <file>file:/C:/Users/ber25/Documents/NetBeansProjects/Prescription/src/prescription/Data.java</file>
            <file>file:/C:/Users/ber25/Documents/NetBeansProjects/Prescription/src/prescription/Main.java</file>
            <file>file:/C:/Users/ber25/Documents/NetBeansProjects/Prescription/src/prescription/Doctor.java</file>
            <file>file:/C:/Users/ber25/Documents/NetBeansProjects/Prescription/src/prescription/Request.java</file>
            <file>file:/C:/Users/ber25/Documents/NetBeansProjects/Prescription/src/prescription/Selection.java</file>
            <file>file:/C:/Users/ber25/Documents/NetBeansProjects/Prescription/src/prescription/Info.java</file>
        </group>
    </open-files>
</project-private>
